Name,Description,Latitude,Longitude,InfoURL,ImageURL
UCSB,A great university located along the California coast!,34.416929,-119.845991,"https://en.wikipedia.org/wiki/University_of_California, _Santa_Barbara","https://www.history.ucsb.edu/wp-content/uploads/La
goonFall20141.jpg"
San Onofre,The best longboard wave in Southern California,33.368889,�-117.555,https://en.wikipedia.org/wiki/San_Onofre_State_Beach,http://www.parks.ca.gov/pages/647/images/San%20Onofre%20State%20Beach%203.jpg
Salmon Creeek,The most magical waterfall in Big Sur & a fun hike,35.81934,-121.35206,https://en.wikipedia.org/wiki/Salmon_Creek_Falls,https://assets3.roadtrippers.com/uploads/poi_gallery_image/image/374713293/-quality_60_-interlace_Plane_-resize_1024x480_U__-gravity_center_-extent_1024x480/poi_gallery_image-image-fe81bc78-a7ef-4e54-9bb4-a5438d3e2637.jpg
Dana Point,A small beach town where I grew up,33.467222,-117.698056,http://www.danapoint.org/,https://upload.wikimedia.org/wikipedia/commons/6/62/Dana_Point_a_city_in_southern_Orange_County_CA_Photo_D_Ramey_Logan.jpg
Crystal Cove ,A great place to watch the sunset & get milkshakes by the beach,33.573889,-117.84,https://www.crystalcovestatepark.org/,https://www.visitnewportbeach.com/wp-content/uploads/2013/06/cc-700x400.jpg
California Street,Fun waves and great thrif shops ,34.275,-119.227778,https://visitventuraca.com/blog/why-exiting-at-california-street-is-worth-it-even-if-you-only-have-15-minutes-2/,http://solspot.com/assets/images/surf_spots/californiastreet.jpg
